name,address,city,state,postal_code
"Kabab House","3510 E Bell Rd, Ste 3",Phoenix,AZ,85032
"Matt's Big Breakfast","801 N 1st St",Phoenix,AZ,85004
Tea2go,"5415 E High St, Ste 103",Phoenix,AZ,85054
Dubliner,"3841 E Thunderbird Rd, Ste 111",Phoenix,AZ,85032
"Game Seven Grill","201 S 4th St",Phoenix,AZ,85034
"Matt's Big Breakfast","3800 E Sky Harbor Blvd, Terminal 4, Gate B5",Phoenix,AZ,85034
"Taco Bell","3507 W. Peoria Ave.",Phoenix,AZ,85029
"La Fontanella Restaurant","4231 E Indian School Rd",Phoenix,AZ,85018
"The Melting Pot","3626 E Ray Rd",Phoenix,AZ,85044
"Zen 32","3160 E Camelback Rd",Phoenix,AZ,85016
"Standard Restaurant Supply","2922 E McDowell Rd",Phoenix,AZ,85008
"Tuck Shop","2245 N 12th St",Phoenix,AZ,85006
"Mariscos Playa Hermosa","1605 E Garfield St",Phoenix,AZ,85006
"Taquizas Kabronis","15645 N 35th Ave",Phoenix,AZ,85053
"Carly's Bistro","128 E Roosevelt St",Phoenix,AZ,85004
"Circle K","2311 W Deer Valley Rd",Phoenix,AZ,85073
"The Good Egg - Uptown","50 E Camelback Rd",Phoenix,AZ,85012
"Matador Restaurant","125 E Adams St",Phoenix,AZ,85004
"Black Chile Mexican Grill","2502 E Camelback Rd",Phoenix,AZ,85016
"Cousins Subs","4801 E Washington St, Ste 1",Phoenix,AZ,85034
"99 Cents Only Stores","7830 N 12th St",Phoenix,AZ,85020
"The Original Phoenix Greek Festival","1973 E Maryland Ave",Phoenix,AZ,85016
"Jamba Juice","2370 West Happy Valley Rd, Ste 1065",Phoenix,AZ,85085
Mexx32,"3154 E Camelback Rd",Phoenix,AZ,85016
"Arcadia Premium","5618 E Thomas Rd, Ste 100",Phoenix,AZ,85018
"Grill Wrap Cafe","4804 E Chandler Blvd, Ste 108",Phoenix,AZ,85048
Ed's,,Phoenix,AZ,85004
"Green Tea Chinese Restaurant","3961 E Chandler Blvd, Ste 100",Phoenix,AZ,85048
Subway,"5127 W Indian School Rd",Phoenix,AZ,85031
"Two Hippies Breakfast Joint","4306 N 7th Ave",Phoenix,AZ,85013
"Peter Piper Pizza","4024 N 67th Ave",Phoenix,AZ,85033
"Touch Of Thai","16816 N 35th Ave",Phoenix,AZ,85053
"Switch Restaurant & Wine Bar","2603 N Central Ave",Phoenix,AZ,85004
"Donut Central","5835 S Central Ave",Phoenix,AZ,85040
"Sushi Station","20910 N Tatum Blvd, Ste 150",Phoenix,AZ,85050
Subway,"6805 N 19th Ave",Phoenix,AZ,85015
"Thai Elephant","20 W Adams St",Phoenix,AZ,85003
"Dairy Queen","4140 E Thomas Rd",Phoenix,AZ,85018
"Ramiros Mexican Food","3329 E Bell Rd",Phoenix,AZ,85032
"Mandarin Super Buffet","1501 W Bethany Home Rd",Phoenix,AZ,85015
"Little Caesars Pizza","1615 W Camelback Rd, Ste 108",Phoenix,AZ,85015
"Half Moon Sports Grill","288 E Greenway Pkwy, Ste 103",Phoenix,AZ,85022
"Bawarchi Indian Cuisine","3607 E Bell Rd, Ste 6",Phoenix,AZ,85032
"Del Taco","1802 W Union Hills Dr",Phoenix,AZ,85027
Corleone's,"1640 E Camelback Rd, Ste 140",Phoenix,AZ,85016
"Zookz Sandwiches","100 E Camelback Rd",Phoenix,AZ,85012
"Vino 100","30835 N Cave Creek Rd",Phoenix,AZ,85331
Walgreens,"4249 W Glendale Ave",Phoenix,AZ,85051
"Stacy's Pit Stop BBQ","8510 N 7th St",Phoenix,AZ,85020
"McAlister's Deli","12847 N Tatum Blvd",Phoenix,AZ,85032
"Krachai Thai Kitchen","3361 W Greenway Rd",Phoenix,AZ,85053
McDonald's,"223 N 7th Ave",Phoenix,AZ,85007
"Circle K Stores","302 N 52nd St",Phoenix,AZ,85008
"McCormick & Schmicks Seafood Restaurant","2575 E Camelback Rd, Ste 175",Phoenix,AZ,85016
Yan's,"9140 W Thomas Rd, Ste B103",Phoenix,AZ,85037
"Lucky's Burgers & Shakes","13849 N 19th Ave",Phoenix,AZ,85023
"Filiberto's Mexican Food","4701-5049 W Roosevelt St",Phoenix,AZ,85043
"Pete's Fish & Chips","3920 S Central Ave",Phoenix,AZ,85040
"Hong Kong Chinese Cuisine","1920 W Thunderbird Rd",Phoenix,AZ,85023
Denny's,"2801 No Black Cyn",Phoenix,AZ,85009
"Capriotti's Sandwich Shop","4929 E. Chandler Blvd",Phoenix,AZ,85048
"Luke's of Chicago's","1602 E Indian School Rd",Phoenix,AZ,85016
"Arriba Mexican Grill","4649 E Chandler Blvd",Phoenix,AZ,85048
Zinburger,"2502 E Camelback Rd, Ste 127",Phoenix,AZ,85016
Starbucks,"Phoenix City Hall, 200 W Washington St",Phoenix,AZ,85003
"Mellow Mushroom","14205 S 50th St",Phoenix,AZ,85044
"Whoopie Baking Company","2502 E Camelback Rd",Phoenix,AZ,85016
Whataburger,"1840 S 19th Ave",Phoenix,AZ,85009
"Ketzal Mexican Grill","20910 N Tatum Blvd",Phoenix,AZ,85050
"Chi Chi's Tacos",,Phoenix,AZ,85013
"Hot Rod Grill","4433 N 16th St",Phoenix,AZ,85016
"Rosati's Pizza","602 W Union Hills Dr, Ste 1",Phoenix,AZ,85027
"QT 421","19990 N 19th Ave",Phoenix,AZ,85027
"Panda Express","2434 E Baseline Rd, Ste 101",Phoenix,AZ,85042
"Balkan Bakery","1618 E Bell Rd, Ste 106",Phoenix,AZ,85022
"Antigua Bakery","3605 W Camelback Rd",Phoenix,AZ,85019
"Arizona Frybread","16816 N Cave Creek Rd",Phoenix,AZ,85032
"Chuy's Mesquite Broiler","3222 E Indian School Rd",Phoenix,AZ,85018
"Little Jamaica","5815 S 16th St",Phoenix,AZ,85042
"Valley Vietnamese food","4568 E Cactus Rd",Phoenix,AZ,85032
"Sapna Café","1301 NW Grand Ave",Phoenix,AZ,85007
Lafitte's,"2577 W Greenway Rd",Phoenix,AZ,85023
"Short Leash Hotdogs & Rollover Doughnuts","110 E Roosevelt St",Phoenix,AZ,85004
"Eastwind Sushi & Grill","13637 N Tatum Blvd",Phoenix,AZ,85032
Subway,"5020 N 35th Ave",Phoenix,AZ,85017
"Rocket Burger & Subs","12038 N 35th Ave",Phoenix,AZ,85029
"Taqueria Don Pancho","6710 W Indian School Rd",Phoenix,AZ,85033
"Burrito Bandito","18631 N 19th Ave, Ste 100",Phoenix,AZ,85027
"Souper Salad","10005 N Metro Pkwy",Phoenix,AZ,85051
"Press Coffee Food & Wine","Terminal 4 Gate B9",Phoenix,AZ,85034
"Hookmeup Gourmet Sandwiches","15425 S 48th St, Ste 116",Phoenix,AZ,85044
"The Brickhouse","1 E Jackson St",Phoenix,AZ,85004
"Five Guys","2641 N 44th St, Ste 100",Phoenix,AZ,85008
"Taqueria Yaqui","3516 E McDowell Rd",Phoenix,AZ,85008
"Indian Delhi Palace","5104 East McDowell Rd",Phoenix,AZ,85008
"Muffin But The Best Cafe","15414 N 19th Ave, Ste C",Phoenix,AZ,85023
KFC,"2436 East Indian School Road",Phoenix,AZ,85016
"Yo Mama's Good Cook'n","5037 S 24th St",Phoenix,AZ,85040
"Sandra Dee's Catering,LLC","344 N Gilbert Rd",Phoenix,AZ,85234
"OHSO Brewery - Paradise Valley","10810 N Tatum Blvd, Ste 126",Phoenix,AZ,85028
Gretalian,"5341 N 7th Ave",Phoenix,AZ,85013
"Circle K","8955 N 19th Ave",Phoenix,AZ,85021
"Province Urban Kitchen & Bar","333 N Central Ave",Phoenix,AZ,85004
"Little Caesars","3434 W Greenway Rd, Unit 128",Phoenix,AZ,85053
"The Prime Chinese Restaurant","24 W Camelback Rd, Ste H",Phoenix,AZ,85013
"Oven + Vine","14 W Vernon Ave",Phoenix,AZ,85003
"D'licious Dishes","5345 N 7th Ave",Phoenix,AZ,85013
"Press Coffee","1616 N Central Ave, Ste 102",Phoenix,AZ,85004
Starbucks,"4605 E Chandler Blvd, Ste A",Phoenix,AZ,85048
QuikTrip,"2836 N 27th Ave",Phoenix,AZ,85009
"Jack In the Box","8225 W Camelback Rd",Phoenix,AZ,85033
"Nobuo At Teeter House","622 E Adams St",Phoenix,AZ,85004
"Sophie's French Bistro","2320 E Osborn Rd",Phoenix,AZ,85016
"Luci's at the Orchard","7100 N 12th St, Bldg Two",Phoenix,AZ,85020
"Hi-Health Supermart - Deer Valley Center","4261 W Thunderbird Rd",Phoenix,AZ,85023
"Ric's Smokehouse BBQ & Grill","1930 W Pinnacle Peak Rd, Ste 119",Phoenix,AZ,85027
twenty6,"JW Marriott Desert Ridge, 5350 E. Marriott Drive",Phoenix,AZ,85054
"Humble Pie","3964 E Sky Harbor Blvd",Phoenix,AZ,85034
McDonald's,"3323 N 24th St",Phoenix,AZ,85016
"Golden China","10720 W Indian School Rd",Phoenix,AZ,85037
"Sam's Cafe","2566 E Camelback Rd, Ste 201",Phoenix,AZ,85016
"Tropical Smoothie Cafe","2815 W Peoria Ave, Ste 116",Phoenix,AZ,85029
Sunfare,"811 W Deer Valley Rd",Phoenix,AZ,85027
"Poki Bar Central","2836 E Indian School Rd, Ste A-1",Phoenix,AZ,85016
"Athens Pita & Greek Grill","3 S 2nd St, Ste 107",Phoenix,AZ,85004
"MATCH Restaurant & Cocktails","1100 N Central Ave",Phoenix,AZ,85003
"Cornish Pasty Company","7 W Monroe St",Phoenix,AZ,85003
"One Stop Nutrition","4115 N 44th St",Phoenix,AZ,85018
"Taco Bell","3517 W Glendale Ave",Phoenix,AZ,85051
Wingettes,"15840 N 32nd  St",Phoenix,AZ,85032
"King Gyros","4243 W Thunderbird Rd",Phoenix,AZ,85053
"Sassy Cakes By Nina","5810 N 16th St",Phoenix,AZ,85016
"Sprouts Farmers Market","245 E Bell Rd, Ste 15",Phoenix,AZ,85022
"Nino's Greek Cafe","3102 N 16th St",Phoenix,AZ,85016
"Pastries N Chaat","3539 West Bell Rd",Phoenix,AZ,85053
"Domino's Pizza","1850 W Indian School Rd",Phoenix,AZ,85015
"De La Ana European Delicatessen Store","7828 N 19th Ave, Ste 5",Phoenix,AZ,85021
"Pasteles Mary","8847 N 7th Ave, Ste 5",Phoenix,AZ,85021
"Humble Pie","21050 N Tatum Blvd",Phoenix,AZ,85050
"The Willow House","1722 W Van Buren St",Phoenix,AZ,85007
"Plaza Bonita","2815 W Carefree Hwy",Phoenix,AZ,85085
"Zesty Zzeeks Pizza and Wings","4825 E Warner Rd",Phoenix,AZ,85044
"Black Angus Steakhouse","10021 Metro Pkwy E",Phoenix,AZ,85051
"Koreana BBQ","4550 E Cactus Rd",Phoenix,AZ,85032
Frys,"2626 S 83rd Ave",Phoenix,AZ,85043
"Loose Leaf Tea Market","4773 N 20th St",Phoenix,AZ,85016
"Ewn's 2","2010 E Broadway Rd",Phoenix,AZ,85040
"Harley's Italian Bistro","4221 N 7th Ave",Phoenix,AZ,85013
"Thai Delight","4645 E Chandler Blvd, Ste 106",Phoenix,AZ,85048
"The Steamed Tamale","1750 W Van Buren St",Phoenix,AZ,85007
"Veterinary Neurological Center","4202 E Raymond St",Phoenix,AZ,85040
Sinaloa,"2601 E Bell Rd",Phoenix,AZ,85032
"Oscar's Pizza","21043 N Cave Creek Rd",Phoenix,AZ,85024
Arby's,"119 E Baseline Rd",Phoenix,AZ,85042
Smashburger,"3400 E Sky Harbor Blvd",Phoenix,AZ,85034
"Arizona Microgreens","3146 E Wier Ave",Phoenix,AZ,85040
"Cafe 1010","1010 W Washington St",Phoenix,AZ,85007
"Taco Bell","2660 W Thunderbird Rd",Phoenix,AZ,85023
"MAD Greens - Central Ave & Camelback","5120 North Central Ave, Ste 2",Phoenix,AZ,85012
7-Eleven,"3201 E Shea Blvd",Phoenix,AZ,85028
Subway,"1855 W Greenway Rd, Ste 125",Phoenix,AZ,85023
"Circle K","309 E Osborn Rd",Phoenix,AZ,85012
"Salute Ristorante Italiano","13226 N 7th St",Phoenix,AZ,85022
"Q Up Barbeque",,Phoenix,AZ,85005
"Azool Grill","3134 W Carefree Hwy",Phoenix,AZ,85086
Walgreens,"3434 W Southern Ave",Phoenix,AZ,85041
"Lydia's La Canasta Mexican Food","2501 W Van Buren St",Phoenix,AZ,85009
"Pho Binh Minh","4141 N 35th Ave, Ste 11",Phoenix,AZ,85017
"Bakery By Chef Tom","5835 W Plamaire Ave, Ste E",Phoenix,AZ,85301
"Two Hippies Pizza and Burger Joint","4034 N 24th St",Phoenix,AZ,85016
"Taqueria Tepehuaje","4602 S Central",Phoenix,AZ,85041
"Jack-In-the Box","3455 W McDowell Rd",Phoenix,AZ,85009
"Mariscos Vuelve a La Vida","1602 E Roosevelt St",Phoenix,AZ,85006
"Hamburger Yumi Yum","12TH St And Indian School",Phoenix,AZ,85006
"Ichi Ban Japanese Restaurant & Sushi","2815 N Central Ave",Phoenix,AZ,85004
"Bubba Phatz","610 E Roosevelt St",Phoenix,AZ,85004
"Food City","845 W Southern Ave",Phoenix,AZ,85041
"P.F. Chang's","2420 W Happy Valley Rd",Phoenix,AZ,85085
"El Pacifico Restaurante Y Pescaderia","3311 N 16th St",Phoenix,AZ,85016
"Taco Bell","2450 E Indian School Rd",Phoenix,AZ,85016
McDonald's,"1850 S 7th St",Phoenix,AZ,85004
"Taco Bell","34906 N Valley Parkway",Phoenix,AZ,85086
"Lenny's Burger","2545 W Glendale Ave",Phoenix,AZ,85051
"The Greek Pita","2737 W Thunderbird Rd, Ste 108",Phoenix,AZ,85053
"Peets Coffee And Tea","Sky Harbor International Airport",Phoenix,AZ,85034
"Qdoba Mexican Grill","12005 N Tatum Blvd, Ste 109",Phoenix,AZ,85028
"Panda Express","3923 E Thomas Rd",Phoenix,AZ,85018
"Zen Zen Yogurt","4340 E Indian School Rd, Ste 19",Phoenix,AZ,85018
"The Nile Cafe","610 E Roosevelt St",Phoenix,AZ,85004
"Ajo Al's Mexican Cafe","5101 N 16th St",Phoenix,AZ,85016
Subway,"2835 N 16th St, Ste 5",Phoenix,AZ,85006
Starbucks,"8021 N 35th Ave",Phoenix,AZ,85051
"Mariachi Estrellas Del Pacífico",,Phoenix,AZ,85001
"Berto's Gelato & Sorbet","2425 W Utopia Rd",Phoenix,AZ,85027
"7th Heaven Eatery","2501 E Camelback Rd",Phoenix,AZ,85016
"Irma's Kitchen","906 N 15th Ave",Phoenix,AZ,85007
"Dairy Queen","4751 E Warner Rd",Phoenix,AZ,85044
"Hava Java","3166 E Camelback Rd",Phoenix,AZ,85016
"Souper Salad","4605 E Cactus Rd",Phoenix,AZ,85032
"The Purple Turtle","4105 N 51st Ave, Ste 157",Phoenix,AZ,85031
"In-N-Out Burger","4840 N 20th St",Phoenix,AZ,85016
"Noble Bread","4525 N 24th St",Phoenix,AZ,85016
"Krispy Kreme Doughnuts","3201 W Indian School",Phoenix,AZ,85017
"Indian Paradise","1546 W Bell Rd",Phoenix,AZ,85023
"Coney Island Grill","16 W Adams St",Phoenix,AZ,85003
"Charlie D's Catfish & Chicken","1153 E Jefferson St",Phoenix,AZ,85034
"Gino's East","3626 E Indian School Rd",Phoenix,AZ,85018
"Water N Ice","4212 W Cactus Rd, Ste 1114",Phoenix,AZ,85029
"Circle K","966 E Van Buren St",Phoenix,AZ,85034
"Pizza Hut","3602 W Camelback Rd",Phoenix,AZ,85019
"Country Boys Restaurant #110","3508 W Cactus Rd",Phoenix,AZ,85029
"Mimi's Cafe","4901 E Ray Rd",Phoenix,AZ,85044
McDonald's,"2845 W Thunderbird Rd",Phoenix,AZ,85053
"Mary Coyle Ol' Fashion Ice Cream","5823 N 7th St",Phoenix,AZ,85014
"Ming's Pagoda","12019 N 19th Ave",Phoenix,AZ,85029
"McGurkee's Italian Kitchen","2822 N 15th Ave",Phoenix,AZ,85007
"La Huasteca Mexican Foods","3517 W Camelback Rd",Phoenix,AZ,85019
"Aya & Peilas","1750 W Van Buren St",Phoenix,AZ,85007
Starbucks,"4340 E Indian School Rd, Ste 3",Phoenix,AZ,85073
Starbucks,"20216 N 27th Ave",Phoenix,AZ,85027
"Charr An American Burger Bar","777 E Thunderbird Rd, Ste 107",Phoenix,AZ,85022
"DJ's Fish and Chips","6260 S 35th Ave",Phoenix,AZ,85041
"Mr Submarine","3306 N 24th St",Phoenix,AZ,85016
"Mr Leno","8430 W McDowell Rd",Phoenix,AZ,85037
"Panera Bread","21001 N Tatum Blvd",Phoenix,AZ,85050
"Dutch Bros Coffee","1201 E Glendale Ave",Phoenix,AZ,85020
"Yasda Bento","18 W Adams St",Phoenix,AZ,85003
"Frys Marketplace","1311 E Bell Rd",Phoenix,AZ,85022
"Hamburger Haven","507 W Thomas Rd",Phoenix,AZ,85013
"Villa Deli","15610 N 35th Ave",Phoenix,AZ,85053
"MOD Pizza","4025 E Chandler Blvd, Ste 74",Phoenix,AZ,85048
"Craft Beer Hop Stop","717 W Union Hills Dr",Phoenix,AZ,85027
"Safeway Food & Drug","3450 W Bell Rd",Phoenix,AZ,85053
"Taco Bell","7449 W Indian School Rd",Phoenix,AZ,85033
"Chipotle Mexican Grill","21001 N Tatum Blvd, Ste 18-1100",Phoenix,AZ,85050
"Matt's Big Breakfast","3118 E Camelback Rd",Phoenix,AZ,85016
Takamatsu,"4214 W Dunlap Ave",Phoenix,AZ,85051
Starbucks,"4724 N 20th St",Phoenix,AZ,85016
"Red Brick Pizza","2170 E Baseline Rd, Ste 134",Phoenix,AZ,85042
"Mad Chef Gastropub","3941 E Chandler Blvd",Phoenix,AZ,85048
"Sonic Drive-In","17238 N 19th Ave",Phoenix,AZ,85023
"Circle K","1007 N 7th St",Phoenix,AZ,85006
"Fresh & Easy","1960 West Baseline Rd",Phoenix,AZ,85041
"T-Bone Steakhouse","10037 S 19th Ave",Phoenix,AZ,85041
"Church's Chicken","2242 E Broadway Rd",Phoenix,AZ,85040
Zwirl,"4905 E Ray Rd",Phoenix,AZ,85044
"The Velvet Buttercream",,Phoenix,AZ,85013
"Tryst Cafe","21050 N Tatum Blvd",Phoenix,AZ,85050
"Bertha's Café","3134 E Indian School Rd",Phoenix,AZ,85018
Starbucks,"650 E Osborn Rd",Phoenix,AZ,85013
"Sweet Life Gelateria","7000 E Mayo Blvd, Ste 1076",Phoenix,AZ,85054
"Little Caesars","3202 E Greenway Rd",Phoenix,AZ,85032
"Lenny's Burger Shop","2825 N Central Ave",Phoenix,AZ,85012
"Jack in the Box","620 E Buckeye Rd",Phoenix,AZ,85004
"Big Boy Ice Cream","1620 W Grant St",Phoenix,AZ,85007
"Los Reyes De La Torta","9230 N 7th St",Phoenix,AZ,85020
"Gorditas El Tio","3202 E Greenway Rd",Phoenix,AZ,85032
"Funky Food Shack","1722 W Vanburen",Phoenix,AZ,85007
"Li's Bowl","6260 S 35th Ave",Phoenix,AZ,85041
"Mayuri Palace","2410 W Bell Rd",Phoenix,AZ,85023
"Hong Kong Gourmet Buffet","4909 E Chandler Blvd",Phoenix,AZ,85048
Stella,"3160 E Camelback Rd",Phoenix,AZ,85016
"Streets of New York","16838 N 7th St",Phoenix,AZ,85022
"Lucky Strike","50 W Jefferson St, Ste 240",Phoenix,AZ,85003
"Chipotle Mexican Grill","1660 E Camelback Rd, Ste 185",Phoenix,AZ,85016
Gallagher's,"751 E Union Hls Dr",Phoenix,AZ,85024
"China Restaurant","4709 E Southern Ave",Phoenix,AZ,85042
"Pizza Hut","8225 W Indian School Rd, Ste 1",Phoenix,AZ,85033
"Bon Appetit Restaurant","6037 N 7th St",Phoenix,AZ,85014
"Hidden Track Café","111 W Monroe St, Ste 121",Phoenix,AZ,85003
"La Bocca Wine Bar & Urban Kitchen","5415 E High St, Ste 127",Phoenix,AZ,85054
"Brennan's Pub & Grub","3510 E Bell Rd",Phoenix,AZ,85032
"Julio G's Tatum","12631 N Tatum Blvd",Phoenix,AZ,85032
"The Cupcake Cafe",,Phoenix,AZ,85016
"Mama Java's Coffee House","3619 E Indian School Rd",Phoenix,AZ,85018
"Flaming Wok","7611 W Thomas Rd",Phoenix,AZ,85033
"Tu DO Restaurant","7828 N 19th Ave, Ste 6",Phoenix,AZ,85021
"Great American Grill","3422 E Elwood St",Phoenix,AZ,85040
"General Nutrition Center","3941 E Chandler Blvd",Phoenix,AZ,85048
Chili's,"2612 N 75th Ave",Phoenix,AZ,85035
"Bootleggers Modern American Smokehouse","3375 E Shea Blvd",Phoenix,AZ,85028
"Circle K","2402 E Mcdowell Rd",Phoenix,AZ,85008
Überrito,"4912 E Shea Blvd, Ste 108",Phoenix,AZ,85028
Safeway,"810 E Glendale Ave",Phoenix,AZ,85020
"Slice Cake Design","N 7th St",Phoenix,AZ,85006
"Machete Azteca Estilo DF","6709 W Indian School Rd",Phoenix,AZ,85033
"Papa John's Pizza","3441 W Northern Ave",Phoenix,AZ,85051
"Five Guys","16900 N Tatum Blvd, Ste 100",Phoenix,AZ,85032
"Circle K","701 E Bethany Home Rd",Phoenix,AZ,85014
"The Lobby Grill","8000 S Arizona Grand Pkwy",Phoenix,AZ,85044
"Golden Panda","13849 N 19th Ave",Phoenix,AZ,85023
"Cafe At Desert Ridge","20910 N Tatum Blvd, Ste 100",Phoenix,AZ,85050
"El Nopalito","2831 N 24th St",Phoenix,AZ,85008
"My Dad's Favorite Cookies and Bakery","2530 W Happy Valley Rd, Ste 1271",Phoenix,AZ,85085
"Tacos Atoyac","1830 W Glendale Ave",Phoenix,AZ,85021
"La Pasadita Hot Dogs","8243 W Indian School Rd",Phoenix,AZ,85303
"Tortilla Fish","4539 E Thomas Rd, Ste 105",Phoenix,AZ,85018
"Breadcrafters Bakery & Cafe","12635 N Tatum Blvd",Phoenix,AZ,85032
"Papa Murphy's","6825 N 16th St",Phoenix,AZ,85016
"La Flor De Calabaza","705 N 1st St, Ste 110",Phoenix,AZ,85004
"Lunch Box","2539 W Bethany Home Rd",Phoenix,AZ,85017
"Sano Brick Pizza","2170 E Baseline Rd, Ste 134",Phoenix,AZ,85042
"La Piñata","5521 N 7th Ave",Phoenix,AZ,85013
"Zam Zam World Foods","1638 N 40th St",Phoenix,AZ,85008
"Nori Sushi","21001 N Tatum Blvd, Ste 48",Phoenix,AZ,85050
"Pei Wei","267 E Bell Rd, Ste 1",Phoenix,AZ,85022
"Jason's Deli","10217 N Metro Pkwy W",Phoenix,AZ,85051
"Cold Stone Creamery","455 N 3rd St, Ste 120",Phoenix,AZ,85004
"Il Primo Pizza & Wings","16880 N Cave Creek Rd",Phoenix,AZ,85032
"Love Cuisine","3633 W Camelback Rd, Ste 7",Phoenix,AZ,85019
Culver's,"4506 E Cactus Rd",Phoenix,AZ,85032
"Ranch Burger","3102 N 16th St",Phoenix,AZ,85016
"Mancuso's Restaurant","201 E Washington St",Phoenix,AZ,85004
"Olive Garden Italian Restaurant","10223 N Metro Parkway E",Phoenix,AZ,85051
Gallagher's,"3220 E Baseline Rd",Phoenix,AZ,85042
"The Henry Coffee XV","4455 E Camelback Rd",Phoenix,AZ,85018
"Taco Guild","546 E Osborn Rd",Phoenix,AZ,85012
"CK's Tavern & Grill","4142 E Chandler Blvd",Phoenix,AZ,85048
"LongHorn Steakhouse","10047 N Metro Pkwy",Phoenix,AZ,85051
Starbucks,"4010 E Greenway Rd, Ste 100",Phoenix,AZ,85032
"Poppa Maize","15414 N 19th Ave, Ste P",Phoenix,AZ,85023
"Golden Moon Palace Restaurant","1408 W Van Buren St",Phoenix,AZ,85007
"Circle K","2401 E Indian School Rd",Phoenix,AZ,85016
Baskin-Robbins,"8841 N 19th Ave, Ste 101",Phoenix,AZ,85021
7-Eleven,"12033 N 28th Dr",Phoenix,AZ,85029
"Papa Murphy's","3320 W Bethany Home Rd",Phoenix,AZ,85017
"Wildflower Bread Company","4290 E Indian School Rd",Phoenix,AZ,85018
"Mojo Yogurt","2502 Camelback Rd",Phoenix,AZ,85016
"Rock and Roll Patio","8510 N 7th St",Phoenix,AZ,85020
"Haldi Indian Cuisine","2945 E Bell Rd",Phoenix,AZ,85032
"Edelweiss German Deli","13439 N Cave Creek Rd",Phoenix,AZ,85022
IHOP,"2508 N Central Ave",Phoenix,AZ,85004
Rotana,"830 E Greenway Pkwy",Phoenix,AZ,85022
"Flavor Chalet","14 E Pierce St",Phoenix,AZ,85004
"Dairy Queen","34455 N 27th Dr, Ste 101",Phoenix,AZ,85085
Cheddatruck,"2121 W McDowell",Phoenix,AZ,85014
"Ni De Aqui Ni De Alla","114 W Adams St",Phoenix,AZ,85001
"Stacy's Smoke Dem Bones Pit Stop BBQ","1650 E Indian School Rd",Phoenix,AZ,85016
"Pei Wei Asian Diner","Phx Sky Harbor Airport",Phoenix,AZ,85034
"The Cheesecake Factory","2402 East Camelback, Space 101",Phoenix,AZ,85016
"Paz Cantina","1011 N 3rd St",Phoenix,AZ,85004
"Santisi Brothers","2710 W Bell Rd, Ste 1115",Phoenix,AZ,85053
"Spice Restaurant","2532 W Peoria Ave",Phoenix,AZ,85029
"5 & Diner","12802 N Tatum Blvd",Phoenix,AZ,85032
"Asian Dining Chinese Restaurant","5030 E McDowell Rd",Phoenix,AZ,85008
"Hard Rock Cafe","3 S. 2nd Street",Phoenix,AZ,85004
"Carl's Jr.","2750 W Thomas Rd",Phoenix,AZ,85017
Melt,"910 N 5th St",Phoenix,AZ,85004
"Chronic Tacos","3121 W Peoria Ave, Ste 104",Phoenix,AZ,85029
"Miracle Mile Delicatessen","4433 N 16th St",Phoenix,AZ,85016
"The Grill Next Door","4345 E Thomas Rd",Phoenix,AZ,85073
"Knock Kneed Lobster","3202 E Washington St",Phoenix,AZ,85034
"George's Kitchen","6102 N 16th St, Ste 1",Phoenix,AZ,85016
Subway,"3230 E Union Hills Dr, Ste B-125, Union Centre Shoppes",Phoenix,AZ,85050
"Pita Jungle","4921 E Ray Rd, Ste B2",Phoenix,AZ,85044
Subway,"4747 E Elliot Rd, Ste 33",Phoenix,AZ,85044
"OUTTA BRONX","4105 E McDowell Rd",Phoenix,AZ,85005
"The Downtown Deli","130 N Central Ave",Phoenix,AZ,85004
"Red Robin Gourmet Burgers","10214 N Metro Pkwy W",Phoenix,AZ,85051
"Sunshine and Spice","2303 N 44th St",Phoenix,AZ,85008
"Acacia Cafe","3701 E Indian School Rd",Phoenix,AZ,85018
"Ketzal Mexican Grill","2815 W Carefree Hwy, Ste 101",Phoenix,AZ,85073
"The Shops at Norterra","2460 W Happy Valley Rd",Phoenix,AZ,85085
"Nee House Chinese Restaurant","13843 N Tatum Blvd, Ste 15",Phoenix,AZ,85032
"The Coffee Bean & Tea Leaf","20235 N Cave Creek Rd, Ste 1115",Phoenix,AZ,85024
"Dairy Queen","9641 N Metro Pkwy W",Phoenix,AZ,85051
"Detroit Coney Grill","16 W Adams St",Phoenix,AZ,85003
"Burger Mania","2302 W Bell Rd",Phoenix,AZ,85023
Secreto,"4232 E Chandler Blvd, Ste 24",Phoenix,AZ,85048
"Los Dos Molinos","8646 S Central Ave",Phoenix,AZ,85042
"Gigi's Cupcakes of Phoenix","3925 E. Camelback Road",Phoenix,AZ,85018
"Urban Vine","2201 N 7th St",Phoenix,AZ,85006
"Olive & Ivy","3400 E Sky Harbor Blvd, Ste 3300",Phoenix,AZ,85034
"Gluten Free Creations","10880 N 32nd St, Ste 39",Phoenix,AZ,85028
"Rainbow Donuts","8714 N 7th St",Phoenix,AZ,85020
Blimpie,"3443 North Central Ave, Ste 10",Phoenix,AZ,85012
"Balkan Bakery","1107 E Bell Rd, Ste 16",Phoenix,AZ,85022
"The Tamale Store","13046 N Cave Creek Rd",Phoenix,AZ,85022
"Angelo's Italian Ice and Gelato","1548 E Cocopah St",Phoenix,AZ,85034
"Habanero Fresh Mexican Grill","701 W Deer Valley Rd",Phoenix,AZ,85027
Walgreens,"2610 W Thunderbird Rd",Phoenix,AZ,85023
"Dairy Queen","5217 S Central Ave",Phoenix,AZ,85040
"Kaleidoscope Juice","50 W Jefferson St, Ste 100",Phoenix,AZ,85003
"Mocha Bianca","4001 E Bell Rd, Ste 112",Phoenix,AZ,85032
"Jersey Mike's","7588-7592 S 51st Ave",Phoenix,AZ,85339
Chick-fil-A,"4105 N 44th St",Phoenix,AZ,85018
"Long John Silvers","7509 W Encanto Blvd",Phoenix,AZ,85035
"La Flama Mexican Food","1820 N 75th Ave, Ste 108",Phoenix,AZ,85035
"El Pizzeria Sports Bar & Grill","46639 N Black Canyon Hwy",Phoenix,AZ,85087
"Empire Cafe","2398 E Camelback Rd, Ste 150",Phoenix,AZ,85016
"Rainbow Donut","1347 E McDowell Rd",Phoenix,AZ,85006
Wingstop,"2320 E Baseline Rd",Phoenix,AZ,85042
"Kingbertos Mexican Food","4212 W Cactus Rd",Phoenix,AZ,85029
"Mariscos Ensenada","3242 W Van Buren St",Phoenix,AZ,85009
"Carl's Jr","4916 E Chandler Blvd",Phoenix,AZ,85048
"Skewers Persian Grill","7000 E Mayo Blvd",Phoenix,AZ,85054
"Milano Espresso & Smoothies","11420 N 19th Ave",Phoenix,AZ,85029
"3's Co Coffee Bar","2710 W Southern Ave",Phoenix,AZ,85041
"Amano Pizza Bistro","1541 E Baseline Rd",Phoenix,AZ,85042
"Chronic Tacos","245 E Bell Rd, Ste A-2",Phoenix,AZ,85022
"Pinky's Cafe","502 E Thunderbird Rd",Phoenix,AZ,85022
"Calabria Italian Kitchen","2605 N 7th St",Phoenix,AZ,85006
"Pizza Petron","7602 S Central Ave",Phoenix,AZ,85041
"Tokyo Joe's","2131 E Camelback Rd",Phoenix,AZ,85016
"Bosa Donuts","710 E Union Hills",Phoenix,AZ,85024
"5 & Diner Deer Valley","20216 N 27th Ave",Phoenix,AZ,85027
"Panda Express","7000 16th St, Ste 100",Phoenix,AZ,85020
"Brooklyn NYC Pizza","144 E Washington St",Phoenix,AZ,85004
"Oaxaca Restaurant","8925 N 12th St",Phoenix,AZ,85020
"Kitchen 56","3433 N 56th St",Phoenix,AZ,85018
McDonald's,"3701 N Central Ave",Phoenix,AZ,85012
"Lantana Grille","Squaw Peak, 7677 N 16th St",Phoenix,AZ,85020
"Dolce Luna Gelato","4647 E Chandler Blvd",Phoenix,AZ,85048
"Mimi's Cafe","21001 N Tatum Blvd, Ste 88",Phoenix,AZ,85050
"Jackalope Flats","4225 E Sky Harbor Blvd",Phoenix,AZ,85034
"Scooter's Coffee","2635 W Glendale Ave",Phoenix,AZ,85051
"La Frontera","209 N 16th St",Phoenix,AZ,85034
"Carl's Jr","10 N 24th St",Phoenix,AZ,85034
"Dunkin' Donuts","4130 E Thomas Rd",Phoenix,AZ,85018
Starbucks,"21050 N Tatum Blvd, Ste 100",Phoenix,AZ,85050
"Gorditas Comarca Lagunera","5234 N 27th Ave",Phoenix,AZ,85017
"Thai Basil Signature","114 W Adams St, Ste 104",Phoenix,AZ,85003
"Carniceria Puerto Del Todro","2902 E Greenway Rd",Phoenix,AZ,85032
"Topline Foods","2222 W Parkside Ln, Ste 109",Phoenix,AZ,85027
IHOP,"2529 N 75th Ave",Phoenix,AZ,85035
"Combo Express Mexican Food","4568 E Cactus Rd",Phoenix,AZ,85032
"Trader Joe's","9640 N Metro Pkwy W",Phoenix,AZ,85051
"Mimi's Cafe","10214 N Metro Pkwy W",Phoenix,AZ,85051
"Barro's Pizza","4030 E Greenway Rd",Phoenix,AZ,85032
"Picosito Mexican Grill","8240 W Lower Buckeye Rd",Phoenix,AZ,85043
"Big Heng","1739 W Glendale Ave",Phoenix,AZ,85021
"Domino's Pizza","3602 E Indian School Rd",Phoenix,AZ,85018
KFC,"2750 S. 75th Ave.",Phoenix,AZ,85043
"Speedy Pit Stop","2817 N 7th St",Phoenix,AZ,85006
"Five Guys","50 W Jefferson St, Ste 180",Phoenix,AZ,85003
"Taco Mich & Bar","14620 N Cave Creek Rd",Phoenix,AZ,85022
"ICON Lounge","100 N 1st St",Phoenix,AZ,85004
"Nature's Garden Delivered","501 N 37th Dr, Ste 103",Phoenix,AZ,85009
"Via Delosantos","9120 N Central Ave",Phoenix,AZ,85020
"Sonic Drive-In","3310 W Bethany Home Rd",Phoenix,AZ,85017
"Raising Cane's","2715 W Peoria",Phoenix,AZ,85029
"Rosati's Pizza","4041 E Thomas Rd, Ste 110",Phoenix,AZ,85018
"Joe's Diner","4433 N 16th St",Phoenix,AZ,85016
"The Mystery Mansion Dinner Theater",,Phoenix,AZ,85032
"Murray and Sons Construction","20783 N 83rd Ave, Ste 103",Phoenix,AZ,85022
"Primos VIP Mexican Food","1899 W Mountain View Rd",Phoenix,AZ,85021
"Duck & Decanter","3111 N Central Ave, Ste 110",Phoenix,AZ,85012
Smashburger,"4375 E Indian School Rd, Ste 190",Phoenix,AZ,85018
"Chipotle Mexican Grill","2415 E Baseline Rd",Phoenix,AZ,85042
Subway,"715 E Bell Rd, Ste 4",Phoenix,AZ,85022
Starbucks,"2425 E Camelback Rd, Ste 101",Phoenix,AZ,85016
"Mamma Mia Brick Oven Pizza & Pasta","3937 E Indian School Rd",Phoenix,AZ,85018
"Shakey Jake's","6260 S 35th Ave, Ste 178",Phoenix,AZ,85041
"Sip Coffee & Beer Garage","3620 E Indian School Rd",Phoenix,AZ,85018
"Underwraps Cafe","1957 W Dunlap Ave",Phoenix,AZ,85021
"Pronto Pizza","3130 E Union Hills Dr, Ste 101",Phoenix,AZ,85022
"Red Lobster","10220 N 28th Dr",Phoenix,AZ,85051
"Potbelly Sandwich Shop","2131 E Camelback Rd",Phoenix,AZ,85016
Nami,"2014 N 7th St",Phoenix,AZ,85006
"Sala Thai","10880 N 32nd St, Ste 29",Phoenix,AZ,85028
"Dippin' Dots Ice Cream","2510 W Happy Valley Rd, Ste 1251",Phoenix,AZ,85085
"Haagen Dazs Shop","2502 E. Camelback Road, Biltmore Fashion Park - Near Macy's",Phoenix,AZ,85016
Vovomeena,"1515 N 7th Ave, Ste 170",Phoenix,AZ,85003
"Einstein Bros Bagels","122 N 2nd St",Phoenix,AZ,85004
"Oasis Raspados","6629 S Central Ave",Phoenix,AZ,85042
"South China BBQ Hong Kong Style","4515 N 7th Ave",Phoenix,AZ,85013
"Yin Yang Self Serve Frozen Yogurt","4757 E Greenway Rd",Phoenix,AZ,85032
"Cherry Tree Smokehouse BBQ","1923 E McDowell Rd",Phoenix,AZ,85006
"The Good Egg","2957 W Bell Rd",Phoenix,AZ,85053
"China City Super Buffet","5301 W Indian School Rd",Phoenix,AZ,85031
"Dunkin Donuts","102 N Central Ave",Phoenix,AZ,85004
"Rocky Mountain Chocolate Factory","4250 Anthem Way, Ste 485, Outlets at Anthem",Phoenix,AZ,85027
"Cucina Cucina Modern Italian","455 N 3rd St, Ste 108",Phoenix,AZ,85004
"Nypd Pizza","Terminal 4",Phoenix,AZ,85034
"Arriba Mexican Grill","1812 E Camelback Rd",Phoenix,AZ,85016
"Phoenix City Grille","5816 N 16th St",Phoenix,AZ,85016
"Hot Bagels and Deli","34640 N Valley Pkwy",Phoenix,AZ,85086
McDonald's,"5750 W Thomas Rd",Phoenix,AZ,85031
"New Times Best Of Phoenix A'fare","2400 E Missouri Ave",Phoenix,AZ,85016
"Melt Gelato and Crepe Cafe","PV Mall, 4550 E Cactus Road",Phoenix,AZ,85032
"El Pollo Loco","2410 W Northern Ave",Phoenix,AZ,85021
"R.Kidd's Pizza & Wings","3415 W Glendale Ave",Phoenix,AZ,85051
Subway,"5930 W McDowell Rd, Ste 107",Phoenix,AZ,85035
"The Hatrack Pub","3320 W Southern Ave, Ste 120",Phoenix,AZ,85041
"Gallagher's Sports Grill","7575 N 16th St",Phoenix,AZ,85020
"NY Bagels and Deli","1515 W Deer Valley Rd, Ste 101A",Phoenix,AZ,85027
"Salvadoreño Restaurant","8911 N Central Ave, Ste 101",Phoenix,AZ,85020
"NY Slicers Deli","835 N 43rd Ave",Phoenix,AZ,85009
"Jana's Bakery","13025 N Cave Creek Rd",Phoenix,AZ,85022
"Jasmine Thai Cuisine","507 W Thomas Rd",Phoenix,AZ,85013
"LaMar's Donuts & Coffee","2340 W Bell Rd",Phoenix,AZ,85023
"Imperial Kosher Market","737 E Glendale Ave",Phoenix,AZ,85020
"Pizza Hut","702 N 1st St",Phoenix,AZ,85004
"Big Wong Restaurant","616 W Indian School Rd",Phoenix,AZ,85013
"Candy's Kitchen","13216 N 7th St, Ste 34",Phoenix,AZ,85022
Starbucks,"10625 N Tatum Blvd, Ste 104",Phoenix,AZ,85028
"The Grand","718 N Central Ave",Phoenix,AZ,85004
"Baja Fresh Mexican Grill Mexican Grill","4302 E Ray Rd",Phoenix,AZ,85044
"Cafe Rio Mexican Grill","2131 E Camelback Rd",Phoenix,AZ,85016
Starbucks,"13801 N 19th Ave",Phoenix,AZ,85023
"Phoenix Pizza Festival","1202 N 3rd St",Phoenix,AZ,85004
"Birria Estilo Michoacan","906 N 15th Ave",Phoenix,AZ,85007
"Oasis Raspados","3202 E Greenway Rd, Ste 1279",Phoenix,AZ,85032
"AZ Iceman","447 W Watkins Rd",Phoenix,AZ,85003
"Tropical Sno","16835 N 40th St",Phoenix,AZ,85032
"Burger King","3945 E Chandler Blvd",Phoenix,AZ,85048
"Federicos Mexican Food","20350 N Cave Creek Rd, Ste 140",Phoenix,AZ,85024
"Food City","1940 W Indian School Rd, Ste 1",Phoenix,AZ,85015
"South Bank Grill","3202 S 40th St",Phoenix,AZ,85040
Applebee's,"2 E Camelback Rd",Phoenix,AZ,85012
U-Swirl,"3009 W Agua Fria Fwy, Ste 3",Phoenix,AZ,85027
"D'Lish Cafe","503 W Thomas Rd",Phoenix,AZ,85013
"Panda Express","7630 W Lower Buckeye",Phoenix,AZ,85043
"Liquor Basket","5130 N 19th Ave, Ste 14",Phoenix,AZ,85015
"Lim's Chinese Buffet","2412 E Greenway Rd",Phoenix,AZ,85032
"Fry's Foodstores","2800 W Dove Valley Rd",Phoenix,AZ,85086
"Even Stevens Sandwiches","21 W Van Buren St",Phoenix,AZ,85003
"Circle K Stores","4402 E Osborn Rd",Phoenix,AZ,85018
"Burger King","1611 E Thomas Rd",Phoenix,AZ,85016
"Papa John's Pizza","1810 W Northern Ave",Phoenix,AZ,85021
"Z Pizza","13637 N Tatum Blvd",Phoenix,AZ,85073
"Let Them Eat Cake","4747 E Thomas Rd, Ste E",Phoenix,AZ,85018
"Royal Coffee Bar","2502 E Camelback Rd, Ste 193",Phoenix,AZ,85016
McDonald's,"1905 W Northern Ave",Phoenix,AZ,85021
"Rice Paper","2221 N 7th St",Phoenix,AZ,85006
"Circle K Stores","1602 E Washington St",Phoenix,AZ,85034
"Krua Thai Cuisine","1510 E Bell Rd, Ste A100",Phoenix,AZ,85022
"Circle K","4950 E Chandler Blvd",Phoenix,AZ,85048
"Gallo Blanco","401 W Clarendon Ave",Phoenix,AZ,85013
Sprouts,"5402 E Lincoln Dr",Phoenix,AZ,85253
"Long Wong's North Phoenix","16816 N Cave Creek Rd",Phoenix,AZ,85032
"Isa's Pizza","777 E Thunderbird Rd",Phoenix,AZ,85022
"Filiberto's Mexican Food","10227 N Metro Pkwy",Phoenix,AZ,85051
"Great Wall Buffet","10605 N 43rd Ave",Phoenix,AZ,85029
"Sonoma Casual Dining","25 W Van Buren St",Phoenix,AZ,85003
"Kona Grill","5310 E High St, Ste 101",Phoenix,AZ,85054
"Food City","6025 N 27th Ave",Phoenix,AZ,85017
"Berry Bros Firewood","5317 E Washington St",Phoenix,AZ,85034
"El Mas Sabroso Mexican Food","4705 E Southern Ave",Phoenix,AZ,85073
Safeway,"4747 E Greenway Rd",Phoenix,AZ,85032
"Phoenix Produce Company","522 S Central Ave",Phoenix,AZ,85004
Z-Grill,"Zam Zam Whole Foods, 1638 N 40th St",Phoenix,AZ,85008
"Public House Garage","4855 E Warner Rd, Ste A31",Phoenix,AZ,85044
"El Farol Peruvian Cuisine","5534 E Thomas Rd",Phoenix,AZ,85018
"La Casa Del Mariachi","1420 N 24th St",Phoenix,AZ,85008
"Stacy's Pampered Pig","607 W Osborn Rd",Phoenix,AZ,85013
"A Touch of Yogurt","2 N Central Ave",Phoenix,AZ,85004
"Arizona Baseball Club Restaurant","401 E Jefferson St",Phoenix,AZ,85004
KFC,"3914 East Chandler Blvd",Phoenix,AZ,85044
"The Place","10240 N 27th Ave",Phoenix,AZ,85051
"Sushi Ave","2945 E Bell Rd, Ste 102",Phoenix,AZ,85032
Camby,"2401 E Camelback Rd",Phoenix,AZ,85016
Subway,"6825 N 16th St, Ste A6",Phoenix,AZ,85016
"Yunan Wok","2948 E Bell Rd, Ste 103",Phoenix,AZ,85032
"Mayan Mexican Grill","3633 W Camelback Rd, Ste 7",Phoenix,AZ,85019
"Humble Pie","3400 E Sky Harbor Blvd",Phoenix,AZ,85034
"Orange Leaf Frozen Yogurt","4747 E Bell Rd",Phoenix,AZ,85032
"Dickey's Barbecue Pit","3125 E Indian School Rd, Ste 104",Phoenix,AZ,85016
"Little Caesars","4015 N 16th St",Phoenix,AZ,85016
"Tammie Coe Cakes","5210 N Central Ave",Phoenix,AZ,85012
"Manuel's Mexican Restaurant","12801 N Cave Creek Rd",Phoenix,AZ,85022
"TEXAZ Grill","6003 N 16th St",Phoenix,AZ,85016
"Sport Peppers Grill","1606 E Bell Rd, Ste 101",Phoenix,AZ,85022
"Pizza Hut","13624 N 35th Ave",Phoenix,AZ,85029
"Gourmet House Of Hong Kong","1438 E McDowell Rd",Phoenix,AZ,85006
"Old Town Sarajevo","3411 W Northern Ave, Ste B",Phoenix,AZ,85051
"Pong Pong","3332 W Bell Rd",Phoenix,AZ,85053
"Shamrock Foodservice Warehouse","2430 W Indian School Rd",Phoenix,AZ,85015
"Fruttia Fresh Fruit Frozen Yogurt","4810 E Ray Rd",Phoenix,AZ,85044
"Dragon Chinese Restaurant","1739 W Glendale",Phoenix,AZ,85021
"Fry's Food Stores","4724 N 20th St",Phoenix,AZ,85016
Arby's,"3826 E Thomas Rd",Phoenix,AZ,85018
Applebee's,"2180 E Baseline Rd",Phoenix,AZ,85042
"Long Wong's","545 W Thomas Rd",Phoenix,AZ,85013
"Little Caesars Pizza","4450 E McDowell Rd, Ste 130",Phoenix,AZ,85008
"Chambers on First","705 N 1st St",Phoenix,AZ,85004
SoSoBa,"214 W Roosevelt St",Phoenix,AZ,85003
"Katz Delicatessen & Sandwich Shop","5144 N Central Ave",Phoenix,AZ,85012
"Deemos American Grill","2501 E Camelback Rd, Ste 30",Phoenix,AZ,85016
"32nd Cafe","2822 N 32nd St",Phoenix,AZ,85008
"Magnum's Cigars Wine & Liquor","731 E Union Hills Dr, Ste B10",Phoenix,AZ,85024
Subway,"35 W Jefferson St, Ste K, Luhrs City Ctr",Phoenix,AZ,85004
"Carl's Jr","201 E Jefferson St",Phoenix,AZ,85004
"Del Taco","1850 W Union Hills Dr",Phoenix,AZ,85027
"Canyon Cafe","455 N 3rd St, Ste 114",Phoenix,AZ,85004
"Chef's Grill and Deli","12020 S Warner Rd",Phoenix,AZ,85044
"Spinato's Pizzeria","4848 E Chandler Blvd",Phoenix,AZ,85044
"One Stop Nutrition","15425 S 48th St, Ste 112",Phoenix,AZ,85044
"Zoyo Neighborhood Yogurt","4923 E Chandler Blvd",Phoenix,AZ,85048
"Jimmy John's","1650 E Camelback Rd, Ste 175",Phoenix,AZ,85016
"Burger King","4002 E Broadway Rd",Phoenix,AZ,85040
"Natural Grocers","655 W Indian School Rd",Phoenix,AZ,85013
Hi-Health,"440 E Bell Rd, Ste 1, Bldg D",Phoenix,AZ,85022
"Sprouts Farmers Market","8040 N 19th Ave",Phoenix,AZ,85021
"Uncle Nick's Fish and Fries","13623 N 32nd St",Phoenix,AZ,85032
"Water Mart","10855 N Tatum Blvd",Phoenix,AZ,85028
BevMo,"2370 W Happy Valley Rd, Ste 1061",Phoenix,AZ,85085
Fazoli's,"4046 E Thomas Rd",Phoenix,AZ,85018
"Ono Hawaiian BBQ","3923 E Thomas Rd",Phoenix,AZ,85018
"Ingallina's Box Lunch","4117 N 16th St",Phoenix,AZ,85016
"Open Sesame Market","3502 W Greenway Rd, Ste 2",Phoenix,AZ,85053
QuikTrip,"21050 N Cave Creek Rd",Phoenix,AZ,85024
"Taco Bell","5825 S 35th Ave",Phoenix,AZ,85041
"Urban Taco","6522 N 16th St",Phoenix,AZ,85016
"Taqueria Los Yaquis","727 W Camelback Rd",Phoenix,AZ,85013
"Little Caesars Pizza","8929 N Central Ave",Phoenix,AZ,85020
"Burger King","709 E Broadway Rd",Phoenix,AZ,85040
"Beneficial Beans","1221 N Central Ave",Phoenix,AZ,85004
"Walmart Supercenter","1825 W Bell Rd",Phoenix,AZ,85023
"Desert H20 To Go","18631 N 19th Ave, Ste 172",Phoenix,AZ,85027
"La Grande Orange Pizzeria","4410 N 40th St",Phoenix,AZ,85018
Starbucks,"3131 E Thunderbird Rd",Phoenix,AZ,85032
"Corner Store","1111 N 67th Ave",Phoenix,AZ,85043
"The Codfather","1618 E Bell Rd, Ste 101",Phoenix,AZ,85022
"Charlies Grilled Subs","4550 E Cactus Rd",Phoenix,AZ,85032
"Pizza Heaven Bistro","5150 N 7th St",Phoenix,AZ,85014
"Barro's Pizza","15440 N 7th St, Ste 13",Phoenix,AZ,85022
"Einstein Bros Bagels","Phoenix Sky Harbor International Airport, 3800 E Sky Harbor Blvd",Phoenix,AZ,85034
Walgreens,"4111 N 24Th St",Phoenix,AZ,85016
Gyrosology,"15414 N 7th St",Phoenix,AZ,85022
"Pizza Studio","11 W Washington St, Ste 120",Phoenix,AZ,85003
McDonald's,"2501 W Happy Valley Rd",Phoenix,AZ,85085
"Taberna Del Tequileria","Phoenix Sky Harbor Intl Airport",Phoenix,AZ,85034
"Donovan's Steak & Chop House","3101 E Camelback Rd",Phoenix,AZ,85016
Subway,"3961 E Chandler Blvd, Ste 103",Phoenix,AZ,85048
Subway,"11 W Jefferson St",Phoenix,AZ,85003
"Sonny's Steakhouse","4550 E Cactus Rd",Phoenix,AZ,85032
Subway,"3440 W Thomas Rd",Phoenix,AZ,85017
"Taco Mex","3525 W Glendale Ave",Phoenix,AZ,85051
"Taqueria La Korita","4131 N 27th Ave",Phoenix,AZ,85017
"Malee's Thai Bistro","21001 N Tatum Boulevard, Suite 1630",Phoenix,AZ,85050
"Paradise Valley Burger Company","4001 E Bell Rd",Phoenix,AZ,85032
"Mellow Mushroom","2490 W Happy Valley Rd",Phoenix,AZ,85085
Chili's,"12660 N Tatum",Phoenix,AZ,85032
"El Guero Hot Dogs","67TH And W Lower Buckeye Rd",Phoenix,AZ,85043
"Los Kikos","675 W Union Hills",Phoenix,AZ,85027
Subway,"1616 N 24th St, Ste C",Phoenix,AZ,85008
"Sandbar Mexican Grill","21001 N Tatum Blvd",Phoenix,AZ,85050
"Athen's Gyros & Pasta","2340 W Northern Ave",Phoenix,AZ,85021
"La Pupusa Loca","4316 W Thomas Rd",Phoenix,AZ,85031
"The Skinny Italian Kitchen","5415 E High St",Phoenix,AZ,85054
"Caribbean Market Place","4220 W Northern Ave, Ste 104",Phoenix,AZ,85051
"Panda Express","3923 E Thunderbird Rd, Suite 111",Phoenix,AZ,85032
Subway,"1610 N 36th St, Ste B101",Phoenix,AZ,85008
"China Buffet","7710 W Lower Buckeye Rd",Phoenix,AZ,85043
"Mariscos el Cochorit","5037 W Thomas Rd",Phoenix,AZ,85031
"Uptown Farmers Market","5757 N Central Ave",Phoenix,AZ,85012
"Vincent's Saturday Camelback Market","3930 E Camelback Rd",Phoenix,AZ,85018
"Caribbean Marketplace Grill","4115 N 19th Ave",Phoenix,AZ,85015
"The Yard","5632 N 7th St",Phoenix,AZ,85014
Denny's,"3160 W Carefree",Phoenix,AZ,85086
"Pork On A Fork","1515 W Deer Valley Rd, Ste B-102",Phoenix,AZ,85027
"Uncle Bear's Brewery","4921 E Ray Rd, Ste 103",Phoenix,AZ,85044
"Loi Nam Oriental Market","3838 N 19th Ave",Phoenix,AZ,85015
"Pizza on 40th","3937 E Indian School Rd",Phoenix,AZ,85018
Conspire,"901 N 5th St",Phoenix,AZ,85004
"Song Lynn","2755 N 91st Ave",Phoenix,AZ,85037
"Hey Joe! Filipino Street Food Truck",,Phoenix,AZ,85004
"Cake Cafe","4910 E Ray Rd",Phoenix,AZ,85044
"Little Caesars","3961 E Chandler Blvd",Phoenix,AZ,85048
Starbucks,"3450 W Bell Rd",Phoenix,AZ,85053
"4 Sons Food Stores","1442 E Chandler Blvd",Phoenix,AZ,85048
"Jake's Sports Bar and Grill","2017 E Cactus Rd",Phoenix,AZ,85022
"Pita Pit","53 West Thomas Rd, Ste B",Phoenix,AZ,85013
"Sonic Drive-In","5002 E Mcdowell Rd",Phoenix,AZ,85008
"Cartel Coffee Lab","4225 Sky Harbor Blvd",Phoenix,AZ,85034
"Carolina's Mexican Food","1202 E Mohave St",Phoenix,AZ,85034
"Taco Bell","4209 W Bell Rd",Phoenix,AZ,85053
"Elly's Brunch & Cafe","100 E Camelback Rd, Ste 166",Phoenix,AZ,85012
"Popeyes Louisiana Kitchen","3426 W Greenway Rd",Phoenix,AZ,85053
"Coup Des Tartes","4626 N 16th St",Phoenix,AZ,85016
"Chuck E Cheese's Pizza","4825 E Warner Rd",Phoenix,AZ,85044
"Presto Pizza & Wings","5127 W Indian School Rd",Phoenix,AZ,85031
"Sardella's Pizza & Wings","18631 N 19th Ave",Phoenix,AZ,85027
"Famous Ray's Pizza","2501 W Happy Valley Rd",Phoenix,AZ,85085
"Auntie Anne's","4550 E Cactus Rd",Phoenix,AZ,85032
"Hi-Health Supermart","742 E Glendale Ave, Ste 8",Phoenix,AZ,85020
"Noodles & Company","4901 E Ray Rd",Phoenix,AZ,85044
IHOP,"1920 W Bell Rd",Phoenix,AZ,85023
"Downtown Phoenix Organic Juice Bar","301 W Roosevelt St, Ste 2",Phoenix,AZ,85003
"Canton Dragon","7307 W Indian School Rd",Phoenix,AZ,85033
"Carte Blanche Gourmet Tacos & Catering",,Phoenix,AZ,85032
"Emerald City Smoothies","4206 E Chandler Blvd, Ste 9",Phoenix,AZ,85048
"Sauce Pizza and Wine","2470 W Happy Valley Rd",Phoenix,AZ,85085
"Burger King","1375 E Bell Rd",Phoenix,AZ,85022
"Jersey Mike's Subs","100 E Camelback Rd, Ste 120",Phoenix,AZ,85012
"Tacos and Tequila Cantina","5642 N 27th Ave",Phoenix,AZ,85017
"Great Wall Buffet Two Corporation","8101 N 35th Ave",Phoenix,AZ,85051
"Lilac Bakery","2747 E Indian School Rd Phoenix Az 85016",Phoenix,AZ,85016
"Ethiopian Famous Restaurant & Coffee","4111 E McDowell Rd, Ste 1",Phoenix,AZ,85008
Subway,"3413 N 7th Ave",Phoenix,AZ,85013
"Paradise Valley Burger Chase Field","Main Concourse Behind The Catcher",Phoenix,AZ,
"Moga Crepes","Paradise Valley Mall, 4550 E Cactus Rd",Phoenix,AZ,85032
"Amelios Pizza & More","1726 W Bell Rd",Phoenix,AZ,85023
"Bountiful Baskets Food Co-op",,Phoenix,AZ,85073
"Yogis Grill","3121 W Peoria Ave, Ste 105",Phoenix,AZ,85029
"El Snappy Mexican Food","3520 S Central Ave",Phoenix,AZ,85040
"Lady Diana's Cakes & Catering","1810 W Northern Ave, Ste 2A",Phoenix,AZ,85021
Arby's,"6850 N 35th Ave",Phoenix,AZ,85017
"Rally's Hamburgers","1345 W Camelback Rd",Phoenix,AZ,85013
"Morning Glory Cafe","6106 S 32nd St",Phoenix,AZ,85042
"Zaytoon Kabob Bistro","4804 E Chandler Blvd, Ste 108",Phoenix,AZ,85044
"Over Easy","4730 E Indian School Rd, Ste 123",Phoenix,AZ,85018
"Crown China Super Buffet","5505 N 7th St",Phoenix,AZ,85014
"Don Jose Mexican Food","3734 E Thomas Rd",Phoenix,AZ,85018
"Pita Paradise","21001 N Tatum Blvd, Ste 36-1170",Phoenix,AZ,85073
"Pezzano's Pizza","3130 E Union Hills Dr",Phoenix,AZ,85050
"Boston Market","4716 E Ray Rd",Phoenix,AZ,85044
Costco,"2450 E Beardsley Rd",Phoenix,AZ,85050
"Birrieria Obregon","3146 W Van Buren St",Phoenix,AZ,85009
"Clamatos La Cruda","2822 N 32nd St, Ste 3",Phoenix,AZ,85008
Dagwoods,"2355 E Camelback Rd",Phoenix,AZ,85016
"Red Devil Italian Restaurant & Pizzerias","3004 E Bell Rd",Phoenix,AZ,85032
"Einstein Bros Bagels","16842 N 7th St",Phoenix,AZ,85022
"Vogava Coffee Roasters","4030 E Bell Rd, Ste 112",Phoenix,AZ,85032
McDonald's,"3130 E Broadway Rd",Phoenix,AZ,85040
"Scramble A Breakfast Joint","9832 N 7th St, Ste 1",Phoenix,AZ,85020
Wingstop,"5215 W Indian School Rd Ste 103 104",Phoenix,AZ,85031
"Ruth's Chris Steak House","2201 E Camelback Rd, Ste 106-A",Phoenix,AZ,85016
"The Gladly","2201 E Camelback Rd, Ste 106",Phoenix,AZ,85016
"Kaleidoscope Juice","1 N 1st St",Phoenix,AZ,85004
"Applebee's Neighborhood Grill & Bar","4609 E Chandler Blvd",Phoenix,AZ,85048
"Sweet Bites Raspados and More","3552 W Baseline Rd, Ste144",Phoenix,AZ,85339
"Lakeside Hideout Cafe","11225 N 28th Dr",Phoenix,AZ,85029
Walgreens,"4875 E Elliot Rd",Phoenix,AZ,85044
"Circle K Stores","4801 E Thomas Rd",Phoenix,AZ,85018
"Ah-So Sushi & Steak","2450 W Happy Valley Rd, Ste 1141",Phoenix,AZ,85085
"Duck & Decanter","1 N Central Ave",Phoenix,AZ,85004
Cibo,"603 N 5th Ave",Phoenix,AZ,85003
"The Phoenix Cheesesteak Co","2605 N 7th St",Phoenix,AZ,85004
"Jack In The Box","19818 N 27th Ave",Phoenix,AZ,85027
"Cheese Love & Happiness",,Phoenix,AZ,85043
"Circle K","4401 S 7th Ave",Phoenix,AZ,85041
"Short Leash Hot Dogs Food Truck","110 E Roosevelt St",Phoenix,AZ,85004
McDonald's,"1532 N 51st Ave",Phoenix,AZ,85043
"The Habit Burger Grill","4575 E. Cactus Blvd.",Phoenix,AZ,85032
"Manuel's Mexican Restaurant & Cantina - 28th St","2820 E Indian School Rd",Phoenix,AZ,85016
"The Loaded Cupcake",,Phoenix,AZ,
"Flying J","6700 W Latham St",Phoenix,AZ,85043
"Something Sweet Bakery","4025 E Chandler Blvd",Phoenix,AZ,85048
"Petit Fromage","5345 N 7th Ave",Phoenix,AZ,85013
"Pan Y Pasteleria San Sebastian","8941 N 12th St, Ste 3",Phoenix,AZ,85020
"Marston's Cafe","50 E Adams St",Phoenix,AZ,85004
"Lilo's Coffee Haus","4747 E Elliot Rd, Ste 34",Phoenix,AZ,85044
"Desert Rose Espresso",,Phoenix,AZ,85001
"Fast Eddie's Diner","17017 N 33rd Ave",Phoenix,AZ,85053
"California Pizza Kitchen","21001 N Tatum Blvd, Ste 40-1370",Phoenix,AZ,85050
"Filiberto's Mexican Food","2302 W Camelback Rd",Phoenix,AZ,85015
"Barb's Bakery","2929 N 24th St",Phoenix,AZ,85016
"Veggie Village","1255 E Northern Ave",Phoenix,AZ,85020
"Coup Des Tartes","1725 E Osborn",Phoenix,AZ,85016
"Phoenix All-stars Sports Bar & Grill","Phoenix Sky Harbor International Airport",Phoenix,AZ,85034
"Raspados Guerrero","4149 N 83rd Ave",Phoenix,AZ,85033
"El Super-Super Market 19","7502 W Thomas Rd",Phoenix,AZ,85033
"San Carlos Bay Seafood Restaurant","1901 E McDowell Rd",Phoenix,AZ,85006
Teavana,"2502 E Camelback Rd",Phoenix,AZ,85016
Salsitas,"6538 W Thomas Rd",Phoenix,AZ,85033
"The Habit Burger Grill","530 W McDowell Rd",Phoenix,AZ,85003
"ACR Elotes","2312 N16th St",Phoenix,AZ,85006
"Mi Pueblo Mexican Food","710 E Union Hills Dr, Ste 16-A",Phoenix,AZ,85024
"Mamma Toledo's The Pie Hole","15414 N 7th St, Ste 6",Phoenix,AZ,85022
"Boomer's Sweet Home Chicago","2755 N 91st Ave, Ste 150",Phoenix,AZ,85037
"Boston Market","5101 N Central Ave",Phoenix,AZ,85012
"China Harvest Buffet","12407 N 28th Dr",Phoenix,AZ,85029
"Paradise Juice","10805 N Tatum Blvd, Ste B1",Phoenix,AZ,85028
"Lennys Burger","2737 W Indian School Rd",Phoenix,AZ,85017
"Surf City Tanning","245 E Bell Rd, Ste 56",Phoenix,AZ,85022
"Streets of New York","1985 W Happy Valley Rd",Phoenix,AZ,85310
"Euro Bakery","15440 N 35th Ave",Phoenix,AZ,85033
"Elegant Gifts",,Phoenix,AZ,85083
"Pei Wei","10450 North 28th Dr",Phoenix,AZ,85051
"Best Wok Buffet","5030 W McDowell Rd, Ste 50",Phoenix,AZ,85035
"Cyprus Grill of Phoenix","4747 N 20th St",Phoenix,AZ,85016
Unwined,"1334 E Chandler Blvd, Ste 11",Phoenix,AZ,85048
"Las 15 Salsas","722 W Hatcher Rd",Phoenix,AZ,85021
"Double Headers","401 E Jefferson St",Phoenix,AZ,85004
"Burger Studio","9822 N 7th St, Ste 8",Phoenix,AZ,85020
"Mr. Cooks Chinese Cuisine","3208 E Cactus Rd",Phoenix,AZ,85032
"Paradise Valley Pizza Company","4001 East Bell Rd",Phoenix,AZ,85032
"Streets of New York","39508 North Daisy Mountain Dr, Ste 158",Phoenix,AZ,85086
"Papa John's Pizza","5602 S Central Ave",Phoenix,AZ,85040
"BJ's Restaurant & Brewhouse","21001 North Tatum Blvd.",Phoenix,AZ,85050
"The Newton","300 W Camelback Rd",Phoenix,AZ,85013
"Jack-In-the Box Drive Thru","7850 N 35th Ave",Phoenix,AZ,85051
"Linda's On Osborn","2333 E Osborn Rd",Phoenix,AZ,85016
"Tacos Chiwas","1923 E Mcdowell Rd",Phoenix,AZ,85006
"Sushi Station","1575 E Camelback Rd",Phoenix,AZ,85014
Julioberto's,"2435 E Bell Rd",Phoenix,AZ,85032
"La Pasadita Hot Dogs","4611 W Indian School Rd",Phoenix,AZ,85031
"SteakenBurger / Long Wongs Wings","1961 W Dunlap Ave",Phoenix,AZ,85021
"Charleys Philly Steaks","3013 W Agua Fria Fwy, Ste 3",Phoenix,AZ,85027
Wingstop,"4041 E Thomas Rd",Phoenix,AZ,85018
"Culinary Dropout","5632 N 7th St",Phoenix,AZ,85014
"Pizza Hut","2436 E Bell Rd",Phoenix,AZ,85032
"Walmart Supercenter","4617 E Bell Rd",Phoenix,AZ,85032
"Naked Pizza","25155 N 67th Ave",Phoenix,AZ,85083
"Roliberto's Mexican Food","Cave Creek",Phoenix,AZ,85027
"HoneyBaked Ham","4635 E Cactus Rd",Phoenix,AZ,85032
Wendy's,"3025 W Peoria Ave",Phoenix,AZ,85029
"Don Guido's Chicago Style Hot Dogs","8911 N Central Avenue",Phoenix,AZ,85073
"Circle K","620 E Carefree Hwy",Phoenix,AZ,85085
"Akaihana Sushi & Grill","8041 N Black Canyon Hwy, Ste 112",Phoenix,AZ,85021
"United Lunchadores Street Gourmet","3131 E Camelback Rd",Phoenix,AZ,85016
"Little Peking","10608 N 32nd St",Phoenix,AZ,85028
"Pho Bang Restaurant","1702 W Camelback Rd, Ste 14",Phoenix,AZ,85015
Starbucks,"2824 N 44th St",Phoenix,AZ,85008
"DeSoto Central Market","915 N Central Ave",Phoenix,AZ,85004
"Villa Italian Kitchen","Premium Outlets Way",Phoenix,AZ,85048
Subway,"625 W Deer Valley Rd, Ste 107",Phoenix,AZ,85027
"Zoyo Neighborhood Yogurt","2415 E Baseline Rd",Phoenix,AZ,85042
"CRUjiente TACOS","3961 E Camelback Rd",Phoenix,AZ,85018
"Tropical Smoothie Cafe","1640 E Camelback Rd, Ste 150",Phoenix,AZ,85016
Blimpie,"1024 E Buckeye Rd",Phoenix,AZ,85034
Subway,"1950 W Indian School Rd, Ste 3",Phoenix,AZ,85015
"Mashawi Lebanese Grill","814 E Union Hills Dr, Ste C-6",Phoenix,AZ,85024
"Karsh's Bakery","5539 N 7th St",Phoenix,AZ,85014
Arrivederci,"4221 E Chandler Blvd, Ste 102",Phoenix,AZ,85048
"Cracker Barrel Old Country Store","21611 N 26th Ave",Phoenix,AZ,85027
"Five Guys Burgers and Fries","2131 E Camelback Rd, Ste 111",Phoenix,AZ,85016
"The Chill Frozen Yogurt","5810 N 16th St",Phoenix,AZ,85016
"Sardella's Pizza & Wings","3143 E Greenway Rd",Phoenix,AZ,85032
"Papa John's","4645 E Broadway Rd, Ste 105",Phoenix,AZ,85040
McDonald's,"3140 W Carefree Hwy",Phoenix,AZ,85086
"Pita Bistro","3110 N Central Ave",Phoenix,AZ,85012
"24th Street Pizza & Gyros","3405 N 24th St",Phoenix,AZ,85016
"Baby Kay's Cajun Kitchen","2119 E Camelback Rd",Phoenix,AZ,85016
"Yogi's Bistro","149 E Adams St",Phoenix,AZ,85001
"Little Caesars Pizza","4145 N 83rd Ave",Phoenix,AZ,85033
"Stackers Restaurant","2855 W Cactus Rd",Phoenix,AZ,85029
noca,"3118 E Camelback Rd",Phoenix,AZ,85016
"Costco Food Court","19001 N 27th Ave",Phoenix,AZ,85027
"Grind House Coffee","1028 Grand Ave, Ste 6",Phoenix,AZ,85007
"Ammaccapane's Restaurant & Sports Bar","13470 N 7th St",Phoenix,AZ,85022
"The Urban Farm",,Phoenix,AZ,85064
"Northern Perks Doughnuts & Coffee","1255 E Northern Ave",Phoenix,AZ,85020
"Eliana's Restaurant","1627 N 24th St",Phoenix,AZ,85008
"Fat Daddy's Down Home Kitchen","3220 East Baseline Rd",Phoenix,AZ,85042
"Los Compadres Mexican Food","4414 N 7th Ave",Phoenix,AZ,85013
"Deluxburger Express","3588-3964 E Sky Harbor Blvd",Phoenix,AZ,85034
"Jack in the Box","4343 E Camelback Rd",Phoenix,AZ,85018
"Dirty Drummer","2303 N 44th St, Ste 8",Phoenix,AZ,85008
"Yin's Chinese Resturant","1950 W Indian School Rd",Phoenix,AZ,85015
"La Reyna Bakery","3519 W McDowell Rd",Phoenix,AZ,85009
KFC,"1843 West Union Hills Dr.",Phoenix,AZ,85027
"Barbeques Galore","21001 N Tatum Blvd, Ste 10",Phoenix,AZ,85050
"Sushi Q","8841 N 19th Ave",Phoenix,AZ,85021
"Tocasierra Spa and Fitness","7677 N 16th St",Phoenix,AZ,85020
"Aros Grill","1606 E Bell Rd",Phoenix,AZ,85022
"Sahara Sweet","8032 N 27th Ave",Phoenix,AZ,85051
"Armando's Mexican Food","3955 E Thomas Rd",Phoenix,AZ,85018
"Poké Catcher","49 W Thomas Rd",Phoenix,AZ,85013
"Echo Sushi","3134 W Carefree Hwy, Ste 8",Phoenix,AZ,85086
"El Bronco Market","6305 W McDowell Rd",Phoenix,AZ,85035
"Restaurante Y Pupuseria Los 3 Hermanos","4426 N 19th Ave",Phoenix,AZ,85015
"Le Ragazze","1334 E Chandler Ave, Ste 11",Phoenix,AZ,85048
"Zabari Mediterranean Grill","3831 E Thunderbird Rd, Ste 3",Phoenix,AZ,85032
"The DawgFather Grill","4727 N Central Ave",Phoenix,AZ,85012
"Joyride Taco House","5202 N Central Ave",Phoenix,AZ,85012
"China Super Buffet","8801 N 7th St",Phoenix,AZ,85020
Walgreens,"4006 E Bell Rd",Phoenix,AZ,85032
Subway,"4450 E Mcdowell Rd, Ste 115",Phoenix,AZ,85008
"Texas BBQ House","5037 S 24th St",Phoenix,AZ,85040
"Epic Hot Dogs",,Phoenix,AZ,85003
"The Wok Express","4835 E Greenway Rd",Phoenix,AZ,85034
"Wild Thaiger","2631 N Central Ave",Phoenix,AZ,85004
FEZ,"105 W Portland St",Phoenix,AZ,85003
"Waffle House","5030 W McDowell Rd",Phoenix,AZ,85035
Denny's,"3205 E Bell Rd",Phoenix,AZ,85032
"Menuderia Guanajuato","2709 E McDowell Rd",Phoenix,AZ,85008
"Arizona Club","201 N Central Ave",Phoenix,AZ,85004
"Jack in the Box","8951 N 19th Ave",Phoenix,AZ,85021
"Louisiana Fried Chicken","3923 E Thomas Rd, Ste B2",Phoenix,AZ,85018
"Rita's Mexican Food","1402 N 35th Ave",Phoenix,AZ,85009
Hanny's,"40 N 1st St",Phoenix,AZ,85004
"Daddy O's Grill","4163 W Thunderbird",Phoenix,AZ,85029
"The Pizza Buffet","3208 E Bell Rd",Phoenix,AZ,85032
"Mamma Mia","806 E Indian School Rd",Phoenix,AZ,85014
Walgreens,"4134 N 44th St",Phoenix,AZ,85018
"Breakfast Club- CityScape","2 E Jefferson St",Phoenix,AZ,85004
"Red Wok Buffet","3434 E Thomas Rd",Phoenix,AZ,85018
"Market On The Move","2825 W Rose Canyon Cir",Phoenix,AZ,85086
"Jade Fine Chinese Dining","34455 N 27 Dr, Ste D 160-162",Phoenix,AZ,85085
"La Piazza PHX","1 N 1st St, Ste 103",Phoenix,AZ,85004
Pok-U,"1024 E Buckeye Rd",Phoenix,AZ,85034
"La Madeleine Country French Cafe","3800 E Sky Harbor Blvd",Phoenix,AZ,85034
"Hoppin' Jack's","5402 East Lincoln Dr",Phoenix,AZ,85034
Tomaso's,"3225 E Camelback Rd",Phoenix,AZ,85018
"Burger King","17015 N 7th St",Phoenix,AZ,85022
"Grateful Spoon Gelato","4410 N 40th St, Ste 5",Phoenix,AZ,85018
"Cave Creek Chevron","15827 N Cave Creek Rd",Phoenix,AZ,85032
"Marie Callender's Restaurants & Bakeries","4573 E Cactus Road",Phoenix,AZ,85032
"Pita Pit","4910 East Ray Rd, Store G-9",Phoenix,AZ,85044
"Buck & Rider","4225 E Camelback Rd",Phoenix,AZ,85018
"Copper Star Coffee","4220 N 7th Ave",Phoenix,AZ,85013
7-Eleven,"19848 N 27th Ave",Phoenix,AZ,85027
"Sugar Jam Cookies","21043 N Cave Creek Rd, Ste A-6",Phoenix,AZ,85024
Radish,"915 N Central Ave",Phoenix,AZ,85004
"Imperial Garden Chinese Buffett","1575 E Camelback Rd",Phoenix,AZ,85014
"HEK Yeah BBQ","15044 N Cave Creek Rd, Ste 6",Phoenix,AZ,85032
"Kyoto Bowl","702 W Camelback Rd, Ste 1",Phoenix,AZ,85013
Lola,"800 E Camelback Rd",Phoenix,AZ,85014
Shell,"13250 N 7th St",Phoenix,AZ,85022
Smeeks,"2502 E Camelback Rd",Phoenix,AZ,85016
"Fuel to Fit","1620 S 16th St",Phoenix,AZ,85034
"Zest of India","3202 E Greenway Rd, Ste 1617",Phoenix,AZ,85032
Subway,"6150 S 35th Ave",Phoenix,AZ,85041
Nixon's,"2501 E Camelback Rd",Phoenix,AZ,85016
"Tortas Paquime","4344 W Indian School Rd",Phoenix,AZ,85031
"Paradise Bakery","4550 E Cactus Rd",Phoenix,AZ,85032
PikFly,"2702 N 3rd St, Ste 3015",Phoenix,AZ,85004
"Kim's Chinese Kitchen","3015 E Thomas Rd, Ste 7",Phoenix,AZ,85016
"Fired Pie","2170 E Baseline Rd, Ste 134",Phoenix,AZ,85042
Filiberto's,"1727 W Glendale Ave",Phoenix,AZ,85021
"Okra Cookhouse & Cocktails","5813 N 7th St",Phoenix,AZ,85014
"Chen Wok Express","8115 N 19th Ave",Phoenix,AZ,85021
"Water & Ice Cream","802 W. Osborn Rd.",Phoenix,AZ,85013
"Mejico Cocina Mejicana","2333 E Osborn Rd",Phoenix,AZ,85016
"Green Goddess House of Herbs","4232 N 7th Ave",Phoenix,AZ,85013
"Safeway Food & Drug","13440 N 7th St",Phoenix,AZ,85022
"Happy Food","6701 W Thomas Rd",Phoenix,AZ,85033
"Brigett's Last Laugh","17222 N Cave Creek Rd",Phoenix,AZ,85032
"City Cafe","411 N Central Ave",Phoenix,AZ,85004
"Caffe Daniel","3115 E Lincoln Dr",Phoenix,AZ,85016
"Chicago Gyros","717 W Union Hills Dr, Ste 1",Phoenix,AZ,85027
"Romano's Macaroni Grill","21001 N. Tatum Blvd.",Phoenix,AZ,85050
"Hong Kong Kitchen","510 E Baseline Rd, Ste D3",Phoenix,AZ,85042
Subway,"2316 W Bethany Home Rd, Ste 113",Phoenix,AZ,85015
"Jack in the Box","2645 W Carefree Hwy",Phoenix,AZ,85085
"Tacos Mexico","2333 N 16th St",Phoenix,AZ,85006
"Ralph's Snack Bar","4501 W Van Buren St",Phoenix,AZ,85043
"White Cup Coffee","3933 E Indian School Rd",Phoenix,AZ,85018
"Helio Basin Brewing","3935 E Thomas Rd",Phoenix,AZ,85018
"The Dressing Room","220 E Roosevelt St",Phoenix,AZ,85004
"Corner Bakery Cafe","454 N 3rd St, Ste 1065",Phoenix,AZ,85004
"Nothing Bundt Cakes","4722 E Ray Rd, Ste 14",Phoenix,AZ,85044
"Casa Anejo","5600 N 7th St, Ste 100",Phoenix,AZ,85014
"Los Armandos","4732 E Thomas Rd",Phoenix,AZ,85018
"Wildflower Bread Company","3800 E Sky Harbor Blvd",Phoenix,AZ,85034
"Keva Juice","21001 N Tatum Blvd, Ste 1630",Phoenix,AZ,85050
"JT's Bar & Grill","4829 E Indian School Rd",Phoenix,AZ,85018
"Noble Eatery","4525 N 24th St",Phoenix,AZ,85016
"Jimmy John's","10045 W Camelback Rd, Ste 100",Phoenix,AZ,85037
"The Baker's Daughter",,Phoenix,AZ,85053
"Taylor Place Cafeteria","120 E Taylor St, Fl 1",Phoenix,AZ,85004
"Old Heidelberg German Bakery","2210 E Indian School Rd",Phoenix,AZ,85016
Winestyles,"10625 N Tatum Blvd, Ste D142",Phoenix,AZ,85028
"Twisted Cultures Yogurt Bar","3134 W Carefree Hwy",Phoenix,AZ,85086
"Macayo's Mexican Table","7829 W Thomas Rd",Phoenix,AZ,85033
"Tacos Maricos Sinaloa","2802 W McDowell Rd",Phoenix,AZ,85009
"Babaloos Cuban Cafe","1241 E Chandler Blvd",Phoenix,AZ,85048
McDonald's,"3202 E Greenway Rd",Phoenix,AZ,85032
"Shamrock Foods","2540 N 29th Ave",Phoenix,AZ,85003
"Taco Bell","2601 North 44th Street",Phoenix,AZ,85008
"12th Fairway Bar & Grill","4000 E Sky Harbor Blvd",Phoenix,AZ,85034
"Wrights at The Arizona Biltmore","2400 E Missouri Ave",Phoenix,AZ,85016
"Los Dos Molinos","1044 E Camelback",Phoenix,AZ,85014
"The Local","1011 N 3rd St",Phoenix,AZ,85004
"Bikini Beans Espresso","2330 N 7th St",Phoenix,AZ,85006
"Sergio El Pollo Feliz","6241 S 7th St",Phoenix,AZ,85042
"Cafe Zupas","1935 E Camelback Rd",Phoenix,AZ,85016
"Taco Bell","4035 N 7th Ave",Phoenix,AZ,85013
Schlotzsky's,"4445 East Thomas Rd",Phoenix,AZ,85018
"Sauce Pizza and Wine","742 E Glendale Ave",Phoenix,AZ,85020
"Which Wich","10810 N Tatum Blvd, Ste148",Phoenix,AZ,85028
"Virginia Market","702 E Virginia Ave",Phoenix,AZ,85006
"Bacchanal Ristorante","3015 E Thomas Rd",Phoenix,AZ,85016
Subway,"1945 W Dunlap Ave, Ste 7",Phoenix,AZ,85021
"Paradise Bakery","10625 N Tatum Blvd",Phoenix,AZ,85028
Macayo's,"401 E Jefferson St",Phoenix,AZ,85004
Yogurtlicious,"3134 W Carefree Hwy, Ste A8",Phoenix,AZ,85073
"Tea Light Cafe","7000 E Mayo Blvd, Ste 1084",Phoenix,AZ,85054
"Grandpa's Pizza","7333 W Thomas Rd",Phoenix,AZ,85033
Liyuen,"1602 S 7th Ave",Phoenix,AZ,85007
"Aloha Poki Company","15425 S 48th St, Ste 116",Phoenix,AZ,85044
"Olive Garden Italian Restaurant","2710 W North Ln",Phoenix,AZ,85021
"Peter Wong Chinese Restaurant","1534 W Camelback Rd",Phoenix,AZ,85015
"Grate Roots",,Phoenix,AZ,
"Papa Murphy's","3230 E Union Hills Phoenix",Phoenix,AZ,85050
"The Blue Moon","2911 E Van Buren St",Phoenix,AZ,85008
GreenMix,"2160 E Baseline Rd, Ste 128",Phoenix,AZ,85042
"The Mix Up Bar","5200 E Camelback Rd",Phoenix,AZ,85018
"Del Taco","15229 N 35th Ave",Phoenix,AZ,85053
"Paz Cantina Food Truck",,Phoenix,AZ,85004
"Tortas El Manantial","5950 W McDowell Rd, Ste 101",Phoenix,AZ,85035
"Kyoto Bowl","2910 N 32nd St, Ste 160",Phoenix,AZ,85018
"Dragonfly Tea Company","5812 N 16th St",Phoenix,AZ,85016
"Hikari Uni Sushi","6544 W Thomas Rd, Ste 28",Phoenix,AZ,85033
"Del Taco","4101 N 67th Ave",Phoenix,AZ,85033
"La Salsita's Mexican Food","2345 E Van Buren St",Phoenix,AZ,85006
"Burger King","620 E Carefree Hwy",Phoenix,AZ,85085
"Sakura Sushi & Steakhouse","7000 E Mayo Blvd, Ste 1090",Phoenix,AZ,85054
"Jack in the Box","2520 W Glendale Ave",Phoenix,AZ,85051
Sticklers,"30 N 3rd Ave",Phoenix,AZ,85003
"Pita Jungle","4340 E Indian School Rd",Phoenix,AZ,85018
"Blue Devil Hood Cleaning",,Phoenix,AZ,85201
"Jimmy John's","3317 E Bell Rd",Phoenix,AZ,85032
McDonalds,"3501 W Bethany Home Rd",Phoenix,AZ,85019
"Pizza Hut","1520 N 43rd Ave",Phoenix,AZ,85009
"Streets of New York","7810 N 12th St",Phoenix,AZ,85020
"Dunkin' Donuts","2131 E Camelback Rd, Ste 100",Phoenix,AZ,85016
